{
  "cloudfunctionRoot": "cloud/",
  "description": "项目配置文件，详见文档：https://developers.weixin.qq.com/miniprogram/dev/devtools/projectconfig.html",
  "packOptions": {
    "ignore": [],
    "include": []
  },
  "setting": {
    "urlCheck": true,
    "es6": false,
    "enhance": true,
    "postcss": true,
    "preloadBackgroundData": false,
    "minified": true,
    "newFeature": false,
    "coverView": true,
    "nodeModules": false,
    "autoAudits": false,
    "showShadowRootInWxmlPanel": true,
    "scopeDataCheck": false,
    "uglifyFileName": false,
    "checkInvalidKey": true,
    "checkSiteMap": true,
    "uploadWithSourceMap": true,
    "compileHotReLoad": false,
    "lazyloadPlaceholderEnable": false,
    "useMultiFrameRuntime": true,
    "useApiHook": true,
    "useApiHostProcess": true,
    "babelSetting": {
      "ignore": [],
      "disablePlugins": [],
      "outputPath": ""
    },
    "useIsolateContext": true,
    "userConfirmedBundleSwitch": false,
    "packNpmManually": false,
    "packNpmRelationList": [],
    "minifyWXSS": true,
    "disableUseStrict": false,
    "minifyWXML": true,
    "showES6CompileOption": false,
    "useCompilerPlugins": false,
    "ignoreUploadUnusedFiles": true,
    "useStaticServer": true
  },
  "compileType": "miniprogram",
  "libVersion": "2.24.5",
  "appid": "wxa23e1b9a6de6e1e3",
  "projectname": "%E7%96%AB%E6%83%85%E8%80%81%E4%BA%BA%E5%9B%A2%E8%B4%AD%E5%B0%8F%E7%A8%8B%E5%BA%8F",
  "simulatorType": "wechat",
  "simulatorPluginLibVersion": {},
  "cloudfunctionTemplateRoot": "cloudfunctionTemplate/",
  "condition": {
    "search": {
      "list": []
    },
    "conversation": {
      "list": []
    },
    "plugin": {
      "list": []
    },
    "game": {
      "currentL": -1,
      "list": []
    },
    "gamePlugin": {
      "list": []
    },
    "miniprogram": {
      "list": [
        {
          "id": -1,
          "name": "shoping/index/index",
          "pathName": "shoping/index/index",
          "scene": null
        }
      ]
    }
  },
  "editorSetting": {
    "tabIndent": "insertSpaces",
    "tabSize": 2
  }
}